vacina_D1,dose,agegroup,n,UF
AZ,D1,1,3,AC
AZ,D1,2,2,AC
AZ,D1,3,83,AC
AZ,D1,4,9429,AC
AZ,D1,5,7362,AC
AZ,D1,6,6827,AC
AZ,D1,7,3980,AC
AZ,D1,8,1616,AC
AZ,D1,9,707,AC
AZ,D1,10,304,AC
AZ,D1,11,60,AC
AZ,D2,1,0,AC
AZ,D2,2,0,AC
AZ,D2,3,56,AC
AZ,D2,4,31313,AC
AZ,D2,5,37225,AC
AZ,D2,6,47971,AC
AZ,D2,7,34047,AC
AZ,D2,8,14309,AC
AZ,D2,9,6481,AC
AZ,D2,10,2451,AC
AZ,D2,11,213,AC
AZ,R,1,0,AC
AZ,R,2,0,AC
AZ,R,3,2,AC
AZ,R,4,1976,AC
AZ,R,5,3187,AC
AZ,R,6,5694,AC
AZ,R,7,6131,AC
AZ,R,8,7040,AC
AZ,R,9,4263,AC
AZ,R,10,1354,AC
AZ,R,11,38,AC
Coronavac,D1,1,4,AC
Coronavac,D1,2,2,AC
Coronavac,D1,3,127,AC
Coronavac,D1,4,7421,AC
Coronavac,D1,5,3756,AC
Coronavac,D1,6,2195,AC
Coronavac,D1,7,1048,AC
Coronavac,D1,8,864,AC
Coronavac,D1,9,386,AC
Coronavac,D1,10,213,AC
Coronavac,D1,11,91,AC
Coronavac,D2,1,0,AC
Coronavac,D2,2,2,AC
Coronavac,D2,3,141,AC
Coronavac,D2,4,16921,AC
Coronavac,D2,5,13538,AC
Coronavac,D2,6,8174,AC
Coronavac,D2,7,4374,AC
Coronavac,D2,8,8563,AC
Coronavac,D2,9,3767,AC
Coronavac,D2,10,1531,AC
Coronavac,D2,11,644,AC
Coronavac,R,1,0,AC
Coronavac,R,2,0,AC
Coronavac,R,3,5,AC
Coronavac,R,4,2474,AC
Coronavac,R,5,3755,AC
Coronavac,R,6,3252,AC
Coronavac,R,7,2141,AC
Coronavac,R,8,7849,AC
Coronavac,R,9,4604,AC
Coronavac,R,10,1464,AC
Coronavac,R,11,601,AC
Pfizer,D1,1,2,AC
Pfizer,D1,2,113,AC
Pfizer,D1,3,32726,AC
Pfizer,D1,4,31523,AC
Pfizer,D1,5,13967,AC
Pfizer,D1,6,7121,AC
Pfizer,D1,7,3430,AC
Pfizer,D1,8,795,AC
Pfizer,D1,9,285,AC
Pfizer,D1,10,111,AC
Pfizer,D1,11,19,AC
Pfizer,D2,1,0,AC
Pfizer,D2,2,78,AC
Pfizer,D2,3,45218,AC
Pfizer,D2,4,53021,AC
Pfizer,D2,5,28349,AC
Pfizer,D2,6,13319,AC
Pfizer,D2,7,8176,AC
Pfizer,D2,8,1098,AC
Pfizer,D2,9,375,AC
Pfizer,D2,10,126,AC
Pfizer,D2,11,18,AC
Pfizer,R,1,0,AC
Pfizer,R,2,0,AC
Pfizer,R,3,85,AC
Pfizer,R,4,512,AC
Pfizer,R,5,891,AC
Pfizer,R,6,638,AC
Pfizer,R,7,865,AC
Pfizer,R,8,21,AC
Pfizer,R,9,6,AC
Pfizer,R,10,0,AC
Pfizer,R,11,0,AC
AZ,D1,1,1,AL
AZ,D1,2,5,AL
AZ,D1,3,49,AL
AZ,D1,4,31090,AL
AZ,D1,5,28216,AL
AZ,D1,6,20845,AL
AZ,D1,7,16191,AL
AZ,D1,8,6150,AL
AZ,D1,9,2372,AL
AZ,D1,10,2217,AL
AZ,D1,11,712,AL
AZ,D2,1,0,AL
AZ,D2,2,0,AL
AZ,D2,3,58,AL
AZ,D2,4,87765,AL
AZ,D2,5,144026,AL
AZ,D2,6,144446,AL
AZ,D2,7,148679,AL
AZ,D2,8,65343,AL
AZ,D2,9,17751,AL
AZ,D2,10,15065,AL
AZ,D2,11,3709,AL
AZ,R,1,0,AL
AZ,R,2,0,AL
AZ,R,3,1,AL
AZ,R,4,6845,AL
AZ,R,5,11544,AL
AZ,R,6,16285,AL
AZ,R,7,28819,AL
AZ,R,8,29616,AL
AZ,R,9,9364,AL
AZ,R,10,12528,AL
AZ,R,11,3076,AL
Coronavac,D1,1,1,AL
Coronavac,D1,2,4,AL
Coronavac,D1,3,63,AL
Coronavac,D1,4,34161,AL
Coronavac,D1,5,16738,AL
Coronavac,D1,6,9326,AL
Coronavac,D1,7,4165,AL
Coronavac,D1,8,3911,AL
Coronavac,D1,9,2214,AL
Coronavac,D1,10,590,AL
Coronavac,D1,11,78,AL
Coronavac,D2,1,0,AL
Coronavac,D2,2,2,AL
Coronavac,D2,3,95,AL
Coronavac,D2,4,98901,AL
Coronavac,D2,5,62011,AL
Coronavac,D2,6,41640,AL
Coronavac,D2,7,19642,AL
Coronavac,D2,8,46912,AL
Coronavac,D2,9,30626,AL
Coronavac,D2,10,5497,AL
Coronavac,D2,11,504,AL
Coronavac,R,1,0,AL
Coronavac,R,2,1,AL
Coronavac,R,3,7,AL
Coronavac,R,4,9995,AL
Coronavac,R,5,17105,AL
Coronavac,R,6,17998,AL
Coronavac,R,7,11753,AL
Coronavac,R,8,57442,AL
Coronavac,R,9,50570,AL
Coronavac,R,10,6046,AL
Coronavac,R,11,279,AL
Pfizer,D1,1,4,AL
Pfizer,D1,2,48,AL
Pfizer,D1,3,147576,AL
Pfizer,D1,4,89194,AL
Pfizer,D1,5,39754,AL
Pfizer,D1,6,22639,AL
Pfizer,D1,7,10899,AL
Pfizer,D1,8,1968,AL
Pfizer,D1,9,615,AL
Pfizer,D1,10,202,AL
Pfizer,D1,11,32,AL
Pfizer,D2,1,0,AL
Pfizer,D2,2,22,AL
Pfizer,D2,3,106983,AL
Pfizer,D2,4,184591,AL
Pfizer,D2,5,99830,AL
Pfizer,D2,6,93455,AL
Pfizer,D2,7,61647,AL
Pfizer,D2,8,3742,AL
Pfizer,D2,9,876,AL
Pfizer,D2,10,229,AL
Pfizer,D2,11,32,AL
Pfizer,R,1,0,AL
Pfizer,R,2,0,AL
Pfizer,R,3,248,AL
Pfizer,R,4,1878,AL
Pfizer,R,5,2849,AL
Pfizer,R,6,3706,AL
Pfizer,R,7,6683,AL
Pfizer,R,8,143,AL
Pfizer,R,9,36,AL
Pfizer,R,10,8,AL
Pfizer,R,11,2,AL
AZ,D1,1,22,AM
AZ,D1,2,35,AM
AZ,D1,3,330,AM
AZ,D1,4,84181,AM
AZ,D1,5,49912,AM
AZ,D1,6,39593,AM
AZ,D1,7,20732,AM
AZ,D1,8,6651,AM
AZ,D1,9,4379,AM
AZ,D1,10,2274,AM
AZ,D1,11,745,AM
AZ,D2,1,2,AM
AZ,D2,2,16,AM
AZ,D2,3,295,AM
AZ,D2,4,215093,AM
AZ,D2,5,205067,AM
AZ,D2,6,246990,AM
AZ,D2,7,153715,AM
AZ,D2,8,48918,AM
AZ,D2,9,28914,AM
AZ,D2,10,12013,AM
AZ,D2,11,2782,AM
AZ,R,1,0,AM
AZ,R,2,0,AM
AZ,R,3,2,AM
AZ,R,4,6254,AM
AZ,R,5,9218,AM
AZ,R,6,11413,AM
AZ,R,7,11178,AM
AZ,R,8,33713,AM
AZ,R,9,33962,AM
AZ,R,10,11411,AM
AZ,R,11,1904,AM
Coronavac,D1,1,13,AM
Coronavac,D1,2,17,AM
Coronavac,D1,3,356,AM
Coronavac,D1,4,51648,AM
Coronavac,D1,5,24305,AM
Coronavac,D1,6,14162,AM
Coronavac,D1,7,7587,AM
Coronavac,D1,8,4874,AM
Coronavac,D1,9,1551,AM
Coronavac,D1,10,597,AM
Coronavac,D1,11,220,AM
Coronavac,D2,1,3,AM
Coronavac,D2,2,12,AM
Coronavac,D2,3,392,AM
Coronavac,D2,4,122017,AM
Coronavac,D2,5,71785,AM
Coronavac,D2,6,54203,AM
Coronavac,D2,7,44768,AM
Coronavac,D2,8,42557,AM
Coronavac,D2,9,7391,AM
Coronavac,D2,10,2351,AM
Coronavac,D2,11,552,AM
Coronavac,R,1,0,AM
Coronavac,R,2,0,AM
Coronavac,R,3,32,AM
Coronavac,R,4,16158,AM
Coronavac,R,5,21549,AM
Coronavac,R,6,23996,AM
Coronavac,R,7,30969,AM
Coronavac,R,8,40100,AM
Coronavac,R,9,4970,AM
Coronavac,R,10,1188,AM
Coronavac,R,11,240,AM
Pfizer,D1,1,27,AM
Pfizer,D1,2,475,AM
Pfizer,D1,3,176512,AM
Pfizer,D1,4,73930,AM
Pfizer,D1,5,38727,AM
Pfizer,D1,6,18922,AM
Pfizer,D1,7,8593,AM
Pfizer,D1,8,2070,AM
Pfizer,D1,9,558,AM
Pfizer,D1,10,181,AM
Pfizer,D1,11,30,AM
Pfizer,D2,1,5,AM
Pfizer,D2,2,203,AM
Pfizer,D2,3,157575,AM
Pfizer,D2,4,150256,AM
Pfizer,D2,5,107046,AM
Pfizer,D2,6,32525,AM
Pfizer,D2,7,16579,AM
Pfizer,D2,8,2619,AM
Pfizer,D2,9,660,AM
Pfizer,D2,10,159,AM
Pfizer,D2,11,21,AM
Pfizer,R,1,0,AM
Pfizer,R,2,2,AM
Pfizer,R,3,239,AM
Pfizer,R,4,174,AM
Pfizer,R,5,125,AM
Pfizer,R,6,87,AM
Pfizer,R,7,86,AM
Pfizer,R,8,23,AM
Pfizer,R,9,11,AM
Pfizer,R,10,2,AM
Pfizer,R,11,0,AM
AZ,D1,2,1,AP
AZ,D1,3,98,AP
AZ,D1,4,18050,AP
AZ,D1,5,17336,AP
AZ,D1,6,9900,AP
AZ,D1,7,6855,AP
AZ,D1,8,1429,AP
AZ,D1,9,248,AP
AZ,D1,10,129,AP
AZ,D1,11,33,AP
AZ,D2,2,0,AP
AZ,D2,3,33,AP
AZ,D2,4,26298,AP
AZ,D2,5,33713,AP
AZ,D2,6,33801,AP
AZ,D2,7,32332,AP
AZ,D2,8,6786,AP
AZ,D2,9,916,AP
AZ,D2,10,591,AP
AZ,D2,11,135,AP
AZ,R,2,0,AP
AZ,R,3,2,AP
AZ,R,4,1053,AP
AZ,R,5,1865,AP
AZ,R,6,2575,AP
AZ,R,7,2764,AP
AZ,R,8,1105,AP
AZ,R,9,510,AP
AZ,R,10,479,AP
AZ,R,11,78,AP
Coronavac,D1,2,1,AP
Coronavac,D1,3,202,AP
Coronavac,D1,4,11093,AP
Coronavac,D1,5,4463,AP
Coronavac,D1,6,2723,AP
Coronavac,D1,7,1070,AP
Coronavac,D1,8,1431,AP
Coronavac,D1,9,664,AP
Coronavac,D1,10,323,AP
Coronavac,D1,11,87,AP
Coronavac,D2,2,1,AP
Coronavac,D2,3,229,AP
Coronavac,D2,4,19369,AP
Coronavac,D2,5,8902,AP
Coronavac,D2,6,9267,AP
Coronavac,D2,7,3719,AP
Coronavac,D2,8,14281,AP
Coronavac,D2,9,7345,AP
Coronavac,D2,10,2693,AP
Coronavac,D2,11,621,AP
Coronavac,R,2,0,AP
Coronavac,R,3,0,AP
Coronavac,R,4,1462,AP
Coronavac,R,5,2048,AP
Coronavac,R,6,1893,AP
Coronavac,R,7,1496,AP
Coronavac,R,8,8682,AP
Coronavac,R,9,5651,AP
Coronavac,R,10,1681,AP
Coronavac,R,11,297,AP
Pfizer,D1,2,120,AP
Pfizer,D1,3,42390,AP
Pfizer,D1,4,37142,AP
Pfizer,D1,5,16207,AP
Pfizer,D1,6,8038,AP
Pfizer,D1,7,3130,AP
Pfizer,D1,8,644,AP
Pfizer,D1,9,184,AP
Pfizer,D1,10,64,AP
Pfizer,D1,11,12,AP
Pfizer,D2,2,34,AP
Pfizer,D2,3,21125,AP
Pfizer,D2,4,25445,AP
Pfizer,D2,5,17418,AP
Pfizer,D2,6,11898,AP
Pfizer,D2,7,4859,AP
Pfizer,D2,8,538,AP
Pfizer,D2,9,153,AP
Pfizer,D2,10,49,AP
Pfizer,D2,11,7,AP
Pfizer,R,2,0,AP
Pfizer,R,3,43,AP
Pfizer,R,4,251,AP
Pfizer,R,5,278,AP
Pfizer,R,6,342,AP
Pfizer,R,7,220,AP
Pfizer,R,8,18,AP
Pfizer,R,9,5,AP
Pfizer,R,10,3,AP
Pfizer,R,11,1,AP
AZ,D1,1,51,BA
AZ,D1,2,60,BA
AZ,D1,3,387,BA
AZ,D1,4,81430,BA
AZ,D1,5,154467,BA
AZ,D1,6,159509,BA
AZ,D1,7,140218,BA
AZ,D1,8,64765,BA
AZ,D1,9,15066,BA
AZ,D1,10,10982,BA
AZ,D1,11,1391,BA
AZ,D2,1,3,BA
AZ,D2,2,21,BA
AZ,D2,3,359,BA
AZ,D2,4,241112,BA
AZ,D2,5,532558,BA
AZ,D2,6,656625,BA
AZ,D2,7,732239,BA
AZ,D2,8,365515,BA
AZ,D2,9,65215,BA
AZ,D2,10,43200,BA
AZ,D2,11,3487,BA
AZ,R,1,0,BA
AZ,R,2,3,BA
AZ,R,3,39,BA
AZ,R,4,30627,BA
AZ,R,5,54062,BA
AZ,R,6,81314,BA
AZ,R,7,135573,BA
AZ,R,8,153017,BA
AZ,R,9,28925,BA
AZ,R,10,36171,BA
AZ,R,11,1717,BA
Coronavac,D1,1,43,BA
Coronavac,D1,2,91,BA
Coronavac,D1,3,1142,BA
Coronavac,D1,4,248619,BA
Coronavac,D1,5,120181,BA
Coronavac,D1,6,64228,BA
Coronavac,D1,7,30148,BA
Coronavac,D1,8,30102,BA
Coronavac,D1,9,29957,BA
Coronavac,D1,10,11281,BA
Coronavac,D1,11,4042,BA
Coronavac,D2,1,6,BA
Coronavac,D2,2,34,BA
Coronavac,D2,3,1212,BA
Coronavac,D2,4,531503,BA
Coronavac,D2,5,326739,BA
Coronavac,D2,6,191859,BA
Coronavac,D2,7,94288,BA
Coronavac,D2,8,188721,BA
Coronavac,D2,9,174746,BA
Coronavac,D2,10,62054,BA
Coronavac,D2,11,20962,BA
Coronavac,R,1,0,BA
Coronavac,R,2,0,BA
Coronavac,R,3,46,BA
Coronavac,R,4,27871,BA
Coronavac,R,5,57354,BA
Coronavac,R,6,50314,BA
Coronavac,R,7,31577,BA
Coronavac,R,8,238184,BA
Coronavac,R,9,279846,BA
Coronavac,R,10,91636,BA
Coronavac,R,11,30025,BA
Pfizer,D1,1,56,BA
Pfizer,D1,2,584,BA
Pfizer,D1,3,587002,BA
Pfizer,D1,4,421584,BA
Pfizer,D1,5,242516,BA
Pfizer,D1,6,131504,BA
Pfizer,D1,7,58822,BA
Pfizer,D1,8,8793,BA
Pfizer,D1,9,2754,BA
Pfizer,D1,10,960,BA
Pfizer,D1,11,232,BA
Pfizer,D2,1,9,BA
Pfizer,D2,2,167,BA
Pfizer,D2,3,365981,BA
Pfizer,D2,4,678302,BA
Pfizer,D2,5,519971,BA
Pfizer,D2,6,412733,BA
Pfizer,D2,7,230846,BA
Pfizer,D2,8,12953,BA
Pfizer,D2,9,2880,BA
Pfizer,D2,10,1001,BA
Pfizer,D2,11,227,BA
Pfizer,R,1,1,BA
Pfizer,R,2,1,BA
Pfizer,R,3,1267,BA
Pfizer,R,4,5367,BA
Pfizer,R,5,10624,BA
Pfizer,R,6,16670,BA
Pfizer,R,7,23399,BA
Pfizer,R,8,607,BA
Pfizer,R,9,148,BA
Pfizer,R,10,82,BA
Pfizer,R,11,28,BA
AZ,D1,1,20,CE
AZ,D1,2,46,CE
AZ,D1,3,81,CE
AZ,D1,4,29212,CE
AZ,D1,5,53510,CE
AZ,D1,6,66528,CE
AZ,D1,7,76904,CE
AZ,D1,8,55856,CE
AZ,D1,9,7258,CE
AZ,D1,10,15721,CE
AZ,D1,11,5991,CE
AZ,D2,1,54,CE
AZ,D2,2,180,CE
AZ,D2,3,232,CE
AZ,D2,4,153454,CE
AZ,D2,5,288694,CE
AZ,D2,6,457098,CE
AZ,D2,7,464644,CE
AZ,D2,8,203098,CE
AZ,D2,9,26972,CE
AZ,D2,10,35686,CE
AZ,D2,11,13213,CE
AZ,R,1,2,CE
AZ,R,2,3,CE
AZ,R,3,6,CE
AZ,R,4,7312,CE
AZ,R,5,14006,CE
AZ,R,6,27240,CE
AZ,R,7,44489,CE
AZ,R,8,59736,CE
AZ,R,9,19387,CE
AZ,R,10,34452,CE
AZ,R,11,10798,CE
Coronavac,D1,1,64,CE
Coronavac,D1,2,99,CE
Coronavac,D1,3,765,CE
Coronavac,D1,4,144566,CE
Coronavac,D1,5,68197,CE
Coronavac,D1,6,35305,CE
Coronavac,D1,7,16020,CE
Coronavac,D1,8,20393,CE
Coronavac,D1,9,24686,CE
Coronavac,D1,10,6620,CE
Coronavac,D1,11,789,CE
Coronavac,D2,1,109,CE
Coronavac,D2,2,168,CE
Coronavac,D2,3,1200,CE
Coronavac,D2,4,434487,CE
Coronavac,D2,5,225429,CE
Coronavac,D2,6,116506,CE
Coronavac,D2,7,51981,CE
Coronavac,D2,8,109637,CE
Coronavac,D2,9,126427,CE
Coronavac,D2,10,32519,CE
Coronavac,D2,11,3540,CE
Coronavac,R,1,2,CE
Coronavac,R,2,5,CE
Coronavac,R,3,17,CE
Coronavac,R,4,34631,CE
Coronavac,R,5,49313,CE
Coronavac,R,6,36617,CE
Coronavac,R,7,23024,CE
Coronavac,R,8,131123,CE
Coronavac,R,9,148073,CE
Coronavac,R,10,35984,CE
Coronavac,R,11,2696,CE
Pfizer,D1,1,115,CE
Pfizer,D1,2,345,CE
Pfizer,D1,3,254019,CE
Pfizer,D1,4,163358,CE
Pfizer,D1,5,103344,CE
Pfizer,D1,6,54959,CE
Pfizer,D1,7,25638,CE
Pfizer,D1,8,3081,CE
Pfizer,D1,9,954,CE
Pfizer,D1,10,333,CE
Pfizer,D1,11,65,CE
Pfizer,D2,1,157,CE
Pfizer,D2,2,454,CE
Pfizer,D2,3,346569,CE
Pfizer,D2,4,515595,CE
Pfizer,D2,5,385962,CE
Pfizer,D2,6,207472,CE
Pfizer,D2,7,150153,CE
Pfizer,D2,8,6183,CE
Pfizer,D2,9,1468,CE
Pfizer,D2,10,402,CE
Pfizer,D2,11,59,CE
Pfizer,R,1,0,CE
Pfizer,R,2,2,CE
Pfizer,R,3,257,CE
Pfizer,R,4,1524,CE
Pfizer,R,5,4203,CE
Pfizer,R,6,4492,CE
Pfizer,R,7,2707,CE
Pfizer,R,8,168,CE
Pfizer,R,9,76,CE
Pfizer,R,10,33,CE
Pfizer,R,11,6,CE
AZ,D1,1,0,DF
AZ,D1,2,1,DF
AZ,D1,3,24,DF
AZ,D1,4,15552,DF
AZ,D1,5,14794,DF
AZ,D1,6,22450,DF
AZ,D1,7,15142,DF
AZ,D1,8,6833,DF
AZ,D1,9,1547,DF
AZ,D1,10,1659,DF
AZ,D1,11,390,DF
AZ,D2,1,0,DF
AZ,D2,2,0,DF
AZ,D2,3,63,DF
AZ,D2,4,49478,DF
AZ,D2,5,84123,DF
AZ,D2,6,137053,DF
AZ,D2,7,144274,DF
AZ,D2,8,84626,DF
AZ,D2,9,12390,DF
AZ,D2,10,9040,DF
AZ,D2,11,1734,DF
AZ,R,1,0,DF
AZ,R,2,0,DF
AZ,R,3,2,DF
AZ,R,4,6926,DF
AZ,R,5,11180,DF
AZ,R,6,17380,DF
AZ,R,7,42952,DF
AZ,R,8,36763,DF
AZ,R,9,12907,DF
AZ,R,10,13705,DF
AZ,R,11,2018,DF
Coronavac,D1,1,2,DF
Coronavac,D1,2,1,DF
Coronavac,D1,3,99,DF
Coronavac,D1,4,37736,DF
Coronavac,D1,5,17135,DF
Coronavac,D1,6,9439,DF
Coronavac,D1,7,3699,DF
Coronavac,D1,8,1965,DF
Coronavac,D1,9,1929,DF
Coronavac,D1,10,791,DF
Coronavac,D1,11,191,DF
Coronavac,D2,1,0,DF
Coronavac,D2,2,1,DF
Coronavac,D2,3,83,DF
Coronavac,D2,4,73580,DF
Coronavac,D2,5,66408,DF
Coronavac,D2,6,47392,DF
Coronavac,D2,7,22579,DF
Coronavac,D2,8,21962,DF
Coronavac,D2,9,22547,DF
Coronavac,D2,10,5974,DF
Coronavac,D2,11,1235,DF
Coronavac,R,1,0,DF
Coronavac,R,2,0,DF
Coronavac,R,3,9,DF
Coronavac,R,4,13918,DF
Coronavac,R,5,26906,DF
Coronavac,R,6,26524,DF
Coronavac,R,7,15005,DF
Coronavac,R,8,41066,DF
Coronavac,R,9,52220,DF
Coronavac,R,10,9821,DF
Coronavac,R,11,1527,DF
Pfizer,D1,1,2,DF
Pfizer,D1,2,50,DF
Pfizer,D1,3,107077,DF
Pfizer,D1,4,94056,DF
Pfizer,D1,5,49314,DF
Pfizer,D1,6,21942,DF
Pfizer,D1,7,9618,DF
Pfizer,D1,8,1169,DF
Pfizer,D1,9,228,DF
Pfizer,D1,10,69,DF
Pfizer,D1,11,20,DF
Pfizer,D2,1,2,DF
Pfizer,D2,2,14,DF
Pfizer,D2,3,112743,DF
Pfizer,D2,4,238691,DF
Pfizer,D2,5,161050,DF
Pfizer,D2,6,117563,DF
Pfizer,D2,7,59199,DF
Pfizer,D2,8,3838,DF
Pfizer,D2,9,588,DF
Pfizer,D2,10,163,DF
Pfizer,D2,11,22,DF
Pfizer,R,1,0,DF
Pfizer,R,2,0,DF
Pfizer,R,3,380,DF
Pfizer,R,4,1604,DF
Pfizer,R,5,2431,DF
Pfizer,R,6,5799,DF
Pfizer,R,7,10620,DF
Pfizer,R,8,481,DF
Pfizer,R,9,43,DF
Pfizer,R,10,14,DF
Pfizer,R,11,1,DF
AZ,D1,1,2,ES
AZ,D1,2,5,ES
AZ,D1,3,52,ES
AZ,D1,4,16213,ES
AZ,D1,5,21772,ES
AZ,D1,6,22861,ES
AZ,D1,7,20012,ES
AZ,D1,8,6968,ES
AZ,D1,9,884,ES
AZ,D1,10,1332,ES
AZ,D1,11,87,ES
AZ,D2,1,0,ES
AZ,D2,2,0,ES
AZ,D2,3,138,ES
AZ,D2,4,75621,ES
AZ,D2,5,164643,ES
AZ,D2,6,229061,ES
AZ,D2,7,258883,ES
AZ,D2,8,63943,ES
AZ,D2,9,5034,ES
AZ,D2,10,5900,ES
AZ,D2,11,310,ES
AZ,R,1,0,ES
AZ,R,2,1,ES
AZ,R,3,18,ES
AZ,R,4,16155,ES
AZ,R,5,28540,ES
AZ,R,6,43383,ES
AZ,R,7,79615,ES
AZ,R,8,94757,ES
AZ,R,9,6889,ES
AZ,R,10,18511,ES
AZ,R,11,388,ES
Coronavac,D1,1,5,ES
Coronavac,D1,2,9,ES
Coronavac,D1,3,278,ES
Coronavac,D1,4,51950,ES
Coronavac,D1,5,23685,ES
Coronavac,D1,6,10923,ES
Coronavac,D1,7,4487,ES
Coronavac,D1,8,4484,ES
Coronavac,D1,9,3144,ES
Coronavac,D1,10,1326,ES
Coronavac,D1,11,599,ES
Coronavac,D2,1,2,ES
Coronavac,D2,2,2,ES
Coronavac,D2,3,278,ES
Coronavac,D2,4,133985,ES
Coronavac,D2,5,84335,ES
Coronavac,D2,6,31953,ES
Coronavac,D2,7,12300,ES
Coronavac,D2,8,34807,ES
Coronavac,D2,9,24882,ES
Coronavac,D2,10,8904,ES
Coronavac,D2,11,3444,ES
Coronavac,R,1,0,ES
Coronavac,R,2,0,ES
Coronavac,R,3,26,ES
Coronavac,R,4,18056,ES
Coronavac,R,5,24643,ES
Coronavac,R,6,18785,ES
Coronavac,R,7,11018,ES
Coronavac,R,8,138458,ES
Coronavac,R,9,126494,ES
Coronavac,R,10,33715,ES
Coronavac,R,11,9865,ES
Pfizer,D1,1,24,ES
Pfizer,D1,2,172,ES
Pfizer,D1,3,116259,ES
Pfizer,D1,4,85772,ES
Pfizer,D1,5,39946,ES
Pfizer,D1,6,21202,ES
Pfizer,D1,7,8605,ES
Pfizer,D1,8,1526,ES
Pfizer,D1,9,481,ES
Pfizer,D1,10,174,ES
Pfizer,D1,11,31,ES
Pfizer,D2,1,2,ES
Pfizer,D2,2,66,ES
Pfizer,D2,3,159178,ES
Pfizer,D2,4,260241,ES
Pfizer,D2,5,165528,ES
Pfizer,D2,6,131726,ES
Pfizer,D2,7,52087,ES
Pfizer,D2,8,3459,ES
Pfizer,D2,9,767,ES
Pfizer,D2,10,234,ES
Pfizer,D2,11,36,ES
Pfizer,R,1,0,ES
Pfizer,R,2,0,ES
Pfizer,R,3,248,ES
Pfizer,R,4,2215,ES
Pfizer,R,5,4862,ES
Pfizer,R,6,10266,ES
Pfizer,R,7,7632,ES
Pfizer,R,8,280,ES
Pfizer,R,9,52,ES
Pfizer,R,10,24,ES
Pfizer,R,11,1,ES
AZ,D1,1,0,GO
AZ,D1,2,7,GO
AZ,D1,3,104,GO
AZ,D1,4,37015,GO
AZ,D1,5,67179,GO
AZ,D1,6,62134,GO
AZ,D1,7,39034,GO
AZ,D1,8,15400,GO
AZ,D1,9,2865,GO
AZ,D1,10,2103,GO
AZ,D1,11,320,GO
AZ,D2,1,1,GO
AZ,D2,2,1,GO
AZ,D2,3,154,GO
AZ,D2,4,145173,GO
AZ,D2,5,301586,GO
AZ,D2,6,354836,GO
AZ,D2,7,397650,GO
AZ,D2,8,203396,GO
AZ,D2,9,22455,GO
AZ,D2,10,17219,GO
AZ,D2,11,1632,GO
AZ,R,1,0,GO
AZ,R,2,0,GO
AZ,R,3,25,GO
AZ,R,4,20504,GO
AZ,R,5,31351,GO
AZ,R,6,40783,GO
AZ,R,7,71619,GO
AZ,R,8,80314,GO
AZ,R,9,19023,GO
AZ,R,10,14751,GO
AZ,R,11,1094,GO
Coronavac,D1,1,1,GO
Coronavac,D1,2,2,GO
Coronavac,D1,3,395,GO
Coronavac,D1,4,117582,GO
Coronavac,D1,5,51723,GO
Coronavac,D1,6,25031,GO
Coronavac,D1,7,8604,GO
Coronavac,D1,8,5528,GO
Coronavac,D1,9,4605,GO
Coronavac,D1,10,2022,GO
Coronavac,D1,11,658,GO
Coronavac,D2,1,0,GO
Coronavac,D2,2,3,GO
Coronavac,D2,3,378,GO
Coronavac,D2,4,279030,GO
Coronavac,D2,5,155631,GO
Coronavac,D2,6,91980,GO
Coronavac,D2,7,40980,GO
Coronavac,D2,8,68458,GO
Coronavac,D2,9,61450,GO
Coronavac,D2,10,20052,GO
Coronavac,D2,11,5071,GO
Coronavac,R,1,0,GO
Coronavac,R,2,0,GO
Coronavac,R,3,19,GO
Coronavac,R,4,19874,GO
Coronavac,R,5,30730,GO
Coronavac,R,6,29472,GO
Coronavac,R,7,19427,GO
Coronavac,R,8,129852,GO
Coronavac,R,9,144268,GO
Coronavac,R,10,39045,GO
Coronavac,R,11,7670,GO
Pfizer,D1,1,10,GO
Pfizer,D1,2,200,GO
Pfizer,D1,3,285778,GO
Pfizer,D1,4,195207,GO
Pfizer,D1,5,98180,GO
Pfizer,D1,6,48871,GO
Pfizer,D1,7,19081,GO
Pfizer,D1,8,2476,GO
Pfizer,D1,9,687,GO
Pfizer,D1,10,212,GO
Pfizer,D1,11,33,GO
Pfizer,D2,1,2,GO
Pfizer,D2,2,58,GO
Pfizer,D2,3,185424,GO
Pfizer,D2,4,384759,GO
Pfizer,D2,5,301017,GO
Pfizer,D2,6,247253,GO
Pfizer,D2,7,129022,GO
Pfizer,D2,8,6185,GO
Pfizer,D2,9,1391,GO
Pfizer,D2,10,419,GO
Pfizer,D2,11,50,GO
Pfizer,R,1,0,GO
Pfizer,R,2,0,GO
Pfizer,R,3,973,GO
Pfizer,R,4,4614,GO
Pfizer,R,5,6891,GO
Pfizer,R,6,10090,GO
Pfizer,R,7,19542,GO
Pfizer,R,8,283,GO
Pfizer,R,9,47,GO
Pfizer,R,10,8,GO
Pfizer,R,11,4,GO
AZ,D1,1,5,MA
AZ,D1,2,16,MA
AZ,D1,3,268,MA
AZ,D1,4,97425,MA
AZ,D1,5,91477,MA
AZ,D1,6,68712,MA
AZ,D1,7,45195,MA
AZ,D1,8,19745,MA
AZ,D1,9,4762,MA
AZ,D1,10,3733,MA
AZ,D1,11,870,MA
AZ,D2,1,2,MA
AZ,D2,2,1,MA
AZ,D2,3,334,MA
AZ,D2,4,289395,MA
AZ,D2,5,371675,MA
AZ,D2,6,381883,MA
AZ,D2,7,314345,MA
AZ,D2,8,157451,MA
AZ,D2,9,24455,MA
AZ,D2,10,20125,MA
AZ,D2,11,3048,MA
AZ,R,1,0,MA
AZ,R,2,0,MA
AZ,R,3,25,MA
AZ,R,4,17263,MA
AZ,R,5,28687,MA
AZ,R,6,36873,MA
AZ,R,7,43911,MA
AZ,R,8,44487,MA
AZ,R,9,12041,MA
AZ,R,10,14224,MA
AZ,R,11,1528,MA
Coronavac,D1,1,12,MA
Coronavac,D1,2,22,MA
Coronavac,D1,3,431,MA
Coronavac,D1,4,60872,MA
Coronavac,D1,5,30859,MA
Coronavac,D1,6,17227,MA
Coronavac,D1,7,8434,MA
Coronavac,D1,8,6843,MA
Coronavac,D1,9,6239,MA
Coronavac,D1,10,2806,MA
Coronavac,D1,11,970,MA
Coronavac,D2,1,1,MA
Coronavac,D2,2,8,MA
Coronavac,D2,3,493,MA
Coronavac,D2,4,140763,MA
Coronavac,D2,5,91193,MA
Coronavac,D2,6,59817,MA
Coronavac,D2,7,34158,MA
Coronavac,D2,8,70478,MA
Coronavac,D2,9,73380,MA
Coronavac,D2,10,26334,MA
Coronavac,D2,11,7640,MA
Coronavac,R,1,0,MA
Coronavac,R,2,0,MA
Coronavac,R,3,22,MA
Coronavac,R,4,15525,MA
Coronavac,R,5,21430,MA
Coronavac,R,6,17206,MA
Coronavac,R,7,13016,MA
Coronavac,R,8,84414,MA
Coronavac,R,9,93166,MA
Coronavac,R,10,25085,MA
Coronavac,R,11,5786,MA
Pfizer,D1,1,14,MA
Pfizer,D1,2,357,MA
Pfizer,D1,3,259366,MA
Pfizer,D1,4,168767,MA
Pfizer,D1,5,88018,MA
Pfizer,D1,6,46180,MA
Pfizer,D1,7,20721,MA
Pfizer,D1,8,5435,MA
Pfizer,D1,9,1900,MA
Pfizer,D1,10,638,MA
Pfizer,D1,11,111,MA
Pfizer,D2,1,4,MA
Pfizer,D2,2,205,MA
Pfizer,D2,3,291031,MA
Pfizer,D2,4,215566,MA
Pfizer,D2,5,123969,MA
Pfizer,D2,6,75342,MA
Pfizer,D2,7,55819,MA
Pfizer,D2,8,6304,MA
Pfizer,D2,9,1938,MA
Pfizer,D2,10,598,MA
Pfizer,D2,11,89,MA
Pfizer,R,1,0,MA
Pfizer,R,2,3,MA
Pfizer,R,3,1009,MA
Pfizer,R,4,2680,MA
Pfizer,R,5,1890,MA
Pfizer,R,6,2073,MA
Pfizer,R,7,5555,MA
Pfizer,R,8,212,MA
Pfizer,R,9,49,MA
Pfizer,R,10,18,MA
Pfizer,R,11,4,MA
AZ,D1,1,24,MG
AZ,D1,2,36,MG
AZ,D1,3,240,MG
AZ,D1,4,106037,MG
AZ,D1,5,186974,MG
AZ,D1,6,202900,MG
AZ,D1,7,146544,MG
AZ,D1,8,76730,MG
AZ,D1,9,5880,MG
AZ,D1,10,14485,MG
AZ,D1,11,1880,MG
AZ,D2,1,11,MG
AZ,D2,2,41,MG
AZ,D2,3,442,MG
AZ,D2,4,426724,MG
AZ,D2,5,830700,MG
AZ,D2,6,1183442,MG
AZ,D2,7,1233080,MG
AZ,D2,8,762239,MG
AZ,D2,9,31935,MG
AZ,D2,10,83181,MG
AZ,D2,11,7325,MG
AZ,R,1,1,MG
AZ,R,2,6,MG
AZ,R,3,79,MG
AZ,R,4,61174,MG
AZ,R,5,97913,MG
AZ,R,6,124284,MG
AZ,R,7,228045,MG
AZ,R,8,399304,MG
AZ,R,9,18877,MG
AZ,R,10,93496,MG
AZ,R,11,9955,MG
Coronavac,D1,1,14,MG
Coronavac,D1,2,32,MG
Coronavac,D1,3,694,MG
Coronavac,D1,4,210527,MG
Coronavac,D1,5,78539,MG
Coronavac,D1,6,33130,MG
Coronavac,D1,7,17317,MG
Coronavac,D1,8,19103,MG
Coronavac,D1,9,22252,MG
Coronavac,D1,10,7204,MG
Coronavac,D1,11,2628,MG
Coronavac,D2,1,10,MG
Coronavac,D2,2,54,MG
Coronavac,D2,3,924,MG
Coronavac,D2,4,829129,MG
Coronavac,D2,5,452956,MG
Coronavac,D2,6,191091,MG
Coronavac,D2,7,139108,MG
Coronavac,D2,8,211081,MG
Coronavac,D2,9,251292,MG
Coronavac,D2,10,65233,MG
Coronavac,D2,11,21927,MG
Coronavac,R,1,0,MG
Coronavac,R,2,6,MG
Coronavac,R,3,87,MG
Coronavac,R,4,71301,MG
Coronavac,R,5,120691,MG
Coronavac,R,6,95562,MG
Coronavac,R,7,77114,MG
Coronavac,R,8,407554,MG
Coronavac,R,9,672683,MG
Coronavac,R,10,161974,MG
Coronavac,R,11,43634,MG
Pfizer,D1,1,59,MG
Pfizer,D1,2,609,MG
Pfizer,D1,3,672145,MG
Pfizer,D1,4,532712,MG
Pfizer,D1,5,265271,MG
Pfizer,D1,6,129002,MG
Pfizer,D1,7,63296,MG
Pfizer,D1,8,6069,MG
Pfizer,D1,9,1324,MG
Pfizer,D1,10,487,MG
Pfizer,D1,11,106,MG
Pfizer,D2,1,37,MG
Pfizer,D2,2,376,MG
Pfizer,D2,3,653247,MG
Pfizer,D2,4,1166953,MG
Pfizer,D2,5,893586,MG
Pfizer,D2,6,629559,MG
Pfizer,D2,7,440935,MG
Pfizer,D2,8,12940,MG
Pfizer,D2,9,2500,MG
Pfizer,D2,10,780,MG
Pfizer,D2,11,194,MG
Pfizer,R,1,0,MG
Pfizer,R,2,2,MG
Pfizer,R,3,2475,MG
Pfizer,R,4,12605,MG
Pfizer,R,5,19510,MG
Pfizer,R,6,31365,MG
Pfizer,R,7,51886,MG
Pfizer,R,8,694,MG
Pfizer,R,9,157,MG
Pfizer,R,10,57,MG
Pfizer,R,11,17,MG
AZ,D1,1,4,MS
AZ,D1,2,8,MS
AZ,D1,3,43,MS
AZ,D1,4,13183,MS
AZ,D1,5,13144,MS
AZ,D1,6,11360,MS
AZ,D1,7,11929,MS
AZ,D1,8,3657,MS
AZ,D1,9,858,MS
AZ,D1,10,509,MS
AZ,D1,11,84,MS
AZ,D2,1,2,MS
AZ,D2,2,0,MS
AZ,D2,3,82,MS
AZ,D2,4,69151,MS
AZ,D2,5,93773,MS
AZ,D2,6,103263,MS
AZ,D2,7,128644,MS
AZ,D2,8,29018,MS
AZ,D2,9,4486,MS
AZ,D2,10,2315,MS
AZ,D2,11,263,MS
AZ,R,1,0,MS
AZ,R,2,0,MS
AZ,R,3,10,MS
AZ,R,4,9535,MS
AZ,R,5,17242,MS
AZ,R,6,26760,MS
AZ,R,7,45314,MS
AZ,R,8,25738,MS
AZ,R,9,6138,MS
AZ,R,10,4000,MS
AZ,R,11,198,MS
Coronavac,D1,1,5,MS
Coronavac,D1,2,4,MS
Coronavac,D1,3,89,MS
Coronavac,D1,4,32918,MS
Coronavac,D1,5,14967,MS
Coronavac,D1,6,7730,MS
Coronavac,D1,7,3228,MS
Coronavac,D1,8,3594,MS
Coronavac,D1,9,2251,MS
Coronavac,D1,10,940,MS
Coronavac,D1,11,294,MS
Coronavac,D2,1,2,MS
Coronavac,D2,2,4,MS
Coronavac,D2,3,176,MS
Coronavac,D2,4,100360,MS
Coronavac,D2,5,56115,MS
Coronavac,D2,6,35951,MS
Coronavac,D2,7,15778,MS
Coronavac,D2,8,29253,MS
Coronavac,D2,9,19140,MS
Coronavac,D2,10,8309,MS
Coronavac,D2,11,2189,MS
Coronavac,R,1,0,MS
Coronavac,R,2,0,MS
Coronavac,R,3,26,MS
Coronavac,R,4,10858,MS
Coronavac,R,5,11865,MS
Coronavac,R,6,11756,MS
Coronavac,R,7,6810,MS
Coronavac,R,8,56655,MS
Coronavac,R,9,39560,MS
Coronavac,R,10,12432,MS
Coronavac,R,11,2491,MS
Pfizer,D1,1,3,MS
Pfizer,D1,2,114,MS
Pfizer,D1,3,65799,MS
Pfizer,D1,4,40823,MS
Pfizer,D1,5,20625,MS
Pfizer,D1,6,11991,MS
Pfizer,D1,7,5115,MS
Pfizer,D1,8,1238,MS
Pfizer,D1,9,339,MS
Pfizer,D1,10,135,MS
Pfizer,D1,11,23,MS
Pfizer,D2,1,9,MS
Pfizer,D2,2,106,MS
Pfizer,D2,3,156332,MS
Pfizer,D2,4,122188,MS
Pfizer,D2,5,80959,MS
Pfizer,D2,6,63079,MS
Pfizer,D2,7,25150,MS
Pfizer,D2,8,3013,MS
Pfizer,D2,9,793,MS
Pfizer,D2,10,304,MS
Pfizer,D2,11,57,MS
Pfizer,R,1,0,MS
Pfizer,R,2,0,MS
Pfizer,R,3,438,MS
Pfizer,R,4,3784,MS
Pfizer,R,5,5312,MS
Pfizer,R,6,6464,MS
Pfizer,R,7,3784,MS
Pfizer,R,8,260,MS
Pfizer,R,9,59,MS
Pfizer,R,10,37,MS
Pfizer,R,11,4,MS
AZ,D1,1,3,MT
AZ,D1,2,3,MT
AZ,D1,3,74,MT
AZ,D1,4,34360,MT
AZ,D1,5,35704,MT
AZ,D1,6,25094,MT
AZ,D1,7,17464,MT
AZ,D1,8,8795,MT
AZ,D1,9,1255,MT
AZ,D1,10,1201,MT
AZ,D1,11,133,MT
AZ,D2,1,1,MT
AZ,D2,2,3,MT
AZ,D2,3,97,MT
AZ,D2,4,116781,MT
AZ,D2,5,169785,MT
AZ,D2,6,180295,MT
AZ,D2,7,180676,MT
AZ,D2,8,101076,MT
AZ,D2,9,7910,MT
AZ,D2,10,6453,MT
AZ,D2,11,510,MT
AZ,R,1,0,MT
AZ,R,2,0,MT
AZ,R,3,15,MT
AZ,R,4,7472,MT
AZ,R,5,12297,MT
AZ,R,6,16270,MT
AZ,R,7,26182,MT
AZ,R,8,31754,MT
AZ,R,9,2901,MT
AZ,R,10,4614,MT
AZ,R,11,217,MT
Coronavac,D1,1,1,MT
Coronavac,D1,2,10,MT
Coronavac,D1,3,239,MT
Coronavac,D1,4,39088,MT
Coronavac,D1,5,19037,MT
Coronavac,D1,6,10413,MT
Coronavac,D1,7,4591,MT
Coronavac,D1,8,3337,MT
Coronavac,D1,9,2836,MT
Coronavac,D1,10,1114,MT
Coronavac,D1,11,299,MT
Coronavac,D2,1,0,MT
Coronavac,D2,2,0,MT
Coronavac,D2,3,199,MT
Coronavac,D2,4,110072,MT
Coronavac,D2,5,68856,MT
Coronavac,D2,6,43881,MT
Coronavac,D2,7,18788,MT
Coronavac,D2,8,37116,MT
Coronavac,D2,9,33998,MT
Coronavac,D2,10,9707,MT
Coronavac,D2,11,2352,MT
Coronavac,R,1,0,MT
Coronavac,R,2,0,MT
Coronavac,R,3,17,MT
Coronavac,R,4,10485,MT
Coronavac,R,5,15325,MT
Coronavac,R,6,13555,MT
Coronavac,R,7,7976,MT
Coronavac,R,8,42801,MT
Coronavac,R,9,58035,MT
Coronavac,R,10,14976,MT
Coronavac,R,11,2734,MT
Pfizer,D1,1,11,MT
Pfizer,D1,2,85,MT
Pfizer,D1,3,140111,MT
Pfizer,D1,4,106533,MT
Pfizer,D1,5,53725,MT
Pfizer,D1,6,29783,MT
Pfizer,D1,7,13297,MT
Pfizer,D1,8,2508,MT
Pfizer,D1,9,729,MT
Pfizer,D1,10,207,MT
Pfizer,D1,11,22,MT
Pfizer,D2,1,0,MT
Pfizer,D2,2,29,MT
Pfizer,D2,3,96569,MT
Pfizer,D2,4,182364,MT
Pfizer,D2,5,141334,MT
Pfizer,D2,6,111812,MT
Pfizer,D2,7,71385,MT
Pfizer,D2,8,6109,MT
Pfizer,D2,9,1430,MT
Pfizer,D2,10,358,MT
Pfizer,D2,11,50,MT
Pfizer,R,1,0,MT
Pfizer,R,2,0,MT
Pfizer,R,3,393,MT
Pfizer,R,4,1297,MT
Pfizer,R,5,2359,MT
Pfizer,R,6,3767,MT
Pfizer,R,7,5537,MT
Pfizer,R,8,373,MT
Pfizer,R,9,57,MT
Pfizer,R,10,19,MT
Pfizer,R,11,4,MT
AZ,D1,1,7,PA
AZ,D1,2,24,PA
AZ,D1,3,548,PA
AZ,D1,4,151220,PA
AZ,D1,5,122076,PA
AZ,D1,6,99510,PA
AZ,D1,7,65083,PA
AZ,D1,8,24395,PA
AZ,D1,9,10406,PA
AZ,D1,10,4590,PA
AZ,D1,11,696,PA
AZ,D2,1,1,PA
AZ,D2,2,3,PA
AZ,D2,3,543,PA
AZ,D2,4,314409,PA
AZ,D2,5,334271,PA
AZ,D2,6,374684,PA
AZ,D2,7,303578,PA
AZ,D2,8,132629,PA
AZ,D2,9,57371,PA
AZ,D2,10,20340,PA
AZ,D2,11,2104,PA
AZ,R,1,0,PA
AZ,R,2,0,PA
AZ,R,3,89,PA
AZ,R,4,19167,PA
AZ,R,5,27154,PA
AZ,R,6,35785,PA
AZ,R,7,35004,PA
AZ,R,8,55939,PA
AZ,R,9,25255,PA
AZ,R,10,9163,PA
AZ,R,11,600,PA
Coronavac,D1,1,9,PA
Coronavac,D1,2,11,PA
Coronavac,D1,3,843,PA
Coronavac,D1,4,105056,PA
Coronavac,D1,5,54817,PA
Coronavac,D1,6,31403,PA
Coronavac,D1,7,16291,PA
Coronavac,D1,8,13034,PA
Coronavac,D1,9,7162,PA
Coronavac,D1,10,3265,PA
Coronavac,D1,11,1089,PA
Coronavac,D2,1,2,PA
Coronavac,D2,2,4,PA
Coronavac,D2,3,1048,PA
Coronavac,D2,4,191428,PA
Coronavac,D2,5,108997,PA
Coronavac,D2,6,66724,PA
Coronavac,D2,7,44865,PA
Coronavac,D2,8,103526,PA
Coronavac,D2,9,60955,PA
Coronavac,D2,10,27876,PA
Coronavac,D2,11,7817,PA
Coronavac,R,1,0,PA
Coronavac,R,2,0,PA
Coronavac,R,3,17,PA
Coronavac,R,4,13184,PA
Coronavac,R,5,18030,PA
Coronavac,R,6,16774,PA
Coronavac,R,7,20262,PA
Coronavac,R,8,110597,PA
Coronavac,R,9,60910,PA
Coronavac,R,10,18618,PA
Coronavac,R,11,4349,PA
Pfizer,D1,1,9,PA
Pfizer,D1,2,1214,PA
Pfizer,D1,3,323061,PA
Pfizer,D1,4,206887,PA
Pfizer,D1,5,112521,PA
Pfizer,D1,6,60969,PA
Pfizer,D1,7,29283,PA
Pfizer,D1,8,5536,PA
Pfizer,D1,9,1751,PA
Pfizer,D1,10,599,PA
Pfizer,D1,11,84,PA
Pfizer,D2,1,2,PA
Pfizer,D2,2,2101,PA
Pfizer,D2,3,305167,PA
Pfizer,D2,4,329087,PA
Pfizer,D2,5,253844,PA
Pfizer,D2,6,166515,PA
Pfizer,D2,7,103326,PA
Pfizer,D2,8,4307,PA
Pfizer,D2,9,1222,PA
Pfizer,D2,10,332,PA
Pfizer,D2,11,37,PA
Pfizer,R,1,0,PA
Pfizer,R,2,6,PA
Pfizer,R,3,675,PA
Pfizer,R,4,5036,PA
Pfizer,R,5,7536,PA
Pfizer,R,6,12470,PA
Pfizer,R,7,23351,PA
Pfizer,R,8,199,PA
Pfizer,R,9,60,PA
Pfizer,R,10,16,PA
Pfizer,R,11,1,PA
AZ,D1,1,2,PB
AZ,D1,2,3,PB
AZ,D1,3,65,PB
AZ,D1,4,10196,PB
AZ,D1,5,33771,PB
AZ,D1,6,31996,PB
AZ,D1,7,23579,PB
AZ,D1,8,7454,PB
AZ,D1,9,1236,PB
AZ,D1,10,2337,PB
AZ,D1,11,247,PB
AZ,D2,1,1,PB
AZ,D2,2,1,PB
AZ,D2,3,77,PB
AZ,D2,4,61696,PB
AZ,D2,5,203332,PB
AZ,D2,6,225347,PB
AZ,D2,7,227688,PB
AZ,D2,8,73531,PB
AZ,D2,9,9125,PB
AZ,D2,10,16481,PB
AZ,D2,11,968,PB
AZ,R,1,0,PB
AZ,R,2,0,PB
AZ,R,3,6,PB
AZ,R,4,9313,PB
AZ,R,5,15629,PB
AZ,R,6,20568,PB
AZ,R,7,34328,PB
AZ,R,8,36927,PB
AZ,R,9,4878,PB
AZ,R,10,15018,PB
AZ,R,11,560,PB
Coronavac,D1,1,0,PB
Coronavac,D1,2,5,PB
Coronavac,D1,3,325,PB
Coronavac,D1,4,48871,PB
Coronavac,D1,5,22730,PB
Coronavac,D1,6,12490,PB
Coronavac,D1,7,6568,PB
Coronavac,D1,8,7165,PB
Coronavac,D1,9,5646,PB
Coronavac,D1,10,2142,PB
Coronavac,D1,11,903,PB
Coronavac,D2,1,0,PB
Coronavac,D2,2,3,PB
Coronavac,D2,3,351,PB
Coronavac,D2,4,180821,PB
Coronavac,D2,5,89335,PB
Coronavac,D2,6,47592,PB
Coronavac,D2,7,29445,PB
Coronavac,D2,8,67667,PB
Coronavac,D2,9,47677,PB
Coronavac,D2,10,14751,PB
Coronavac,D2,11,5927,PB
Coronavac,R,1,0,PB
Coronavac,R,2,1,PB
Coronavac,R,3,9,PB
Coronavac,R,4,9242,PB
Coronavac,R,5,17246,PB
Coronavac,R,6,12689,PB
Coronavac,R,7,9271,PB
Coronavac,R,8,105643,PB
Coronavac,R,9,114323,PB
Coronavac,R,10,30399,PB
Coronavac,R,11,10263,PB
Pfizer,D1,1,12,PB
Pfizer,D1,2,142,PB
Pfizer,D1,3,192978,PB
Pfizer,D1,4,117332,PB
Pfizer,D1,5,47788,PB
Pfizer,D1,6,25276,PB
Pfizer,D1,7,12730,PB
Pfizer,D1,8,1867,PB
Pfizer,D1,9,690,PB
Pfizer,D1,10,294,PB
Pfizer,D1,11,87,PB
Pfizer,D2,1,1,PB
Pfizer,D2,2,42,PB
Pfizer,D2,3,101710,PB
Pfizer,D2,4,257810,PB
Pfizer,D2,5,157516,PB
Pfizer,D2,6,120184,PB
Pfizer,D2,7,73895,PB
Pfizer,D2,8,3609,PB
Pfizer,D2,9,920,PB
Pfizer,D2,10,351,PB
Pfizer,D2,11,55,PB
Pfizer,R,1,0,PB
Pfizer,R,2,1,PB
Pfizer,R,3,397,PB
Pfizer,R,4,1618,PB
Pfizer,R,5,2254,PB
Pfizer,R,6,2196,PB
Pfizer,R,7,2055,PB
Pfizer,R,8,109,PB
Pfizer,R,9,29,PB
Pfizer,R,10,11,PB
Pfizer,R,11,2,PB
AZ,D1,1,12,PE
AZ,D1,2,26,PE
AZ,D1,3,139,PE
AZ,D1,4,47454,PE
AZ,D1,5,80244,PE
AZ,D1,6,84661,PE
AZ,D1,7,71494,PE
AZ,D1,8,27261,PE
AZ,D1,9,5284,PE
AZ,D1,10,12155,PE
AZ,D1,11,3879,PE
AZ,D2,1,31,PE
AZ,D2,2,93,PE
AZ,D2,3,244,PE
AZ,D2,4,193416,PE
AZ,D2,5,395613,PE
AZ,D2,6,504855,PE
AZ,D2,7,545260,PE
AZ,D2,8,205830,PE
AZ,D2,9,24043,PE
AZ,D2,10,45864,PE
AZ,D2,11,12526,PE
AZ,R,1,0,PE
AZ,R,2,0,PE
AZ,R,3,14,PE
AZ,R,4,16884,PE
AZ,R,5,26108,PE
AZ,R,6,42157,PE
AZ,R,7,88798,PE
AZ,R,8,81133,PE
AZ,R,9,10003,PE
AZ,R,10,39507,PE
AZ,R,11,8671,PE
Coronavac,D1,1,39,PE
Coronavac,D1,2,63,PE
Coronavac,D1,3,515,PE
Coronavac,D1,4,116561,PE
Coronavac,D1,5,52670,PE
Coronavac,D1,6,24859,PE
Coronavac,D1,7,11147,PE
Coronavac,D1,8,16060,PE
Coronavac,D1,9,14607,PE
Coronavac,D1,10,3004,PE
Coronavac,D1,11,455,PE
Coronavac,D2,1,46,PE
Coronavac,D2,2,61,PE
Coronavac,D2,3,672,PE
Coronavac,D2,4,404444,PE
Coronavac,D2,5,209840,PE
Coronavac,D2,6,99638,PE
Coronavac,D2,7,43613,PE
Coronavac,D2,8,130920,PE
Coronavac,D2,9,116813,PE
Coronavac,D2,10,18818,PE
Coronavac,D2,11,1836,PE
Coronavac,R,1,0,PE
Coronavac,R,2,0,PE
Coronavac,R,3,22,PE
Coronavac,R,4,29188,PE
Coronavac,R,5,43268,PE
Coronavac,R,6,34913,PE
Coronavac,R,7,22152,PE
Coronavac,R,8,136765,PE
Coronavac,R,9,152373,PE
Coronavac,R,10,13471,PE
Coronavac,R,11,1001,PE
Pfizer,D1,1,79,PE
Pfizer,D1,2,456,PE
Pfizer,D1,3,400386,PE
Pfizer,D1,4,283496,PE
Pfizer,D1,5,153836,PE
Pfizer,D1,6,81622,PE
Pfizer,D1,7,36333,PE
Pfizer,D1,8,7962,PE
Pfizer,D1,9,2827,PE
Pfizer,D1,10,1035,PE
Pfizer,D1,11,197,PE
Pfizer,D2,1,56,PE
Pfizer,D2,2,253,PE
Pfizer,D2,3,287896,PE
Pfizer,D2,4,464593,PE
Pfizer,D2,5,336725,PE
Pfizer,D2,6,252215,PE
Pfizer,D2,7,120291,PE
Pfizer,D2,8,11786,PE
Pfizer,D2,9,3210,PE
Pfizer,D2,10,905,PE
Pfizer,D2,11,181,PE
Pfizer,R,1,0,PE
Pfizer,R,2,0,PE
Pfizer,R,3,958,PE
Pfizer,R,4,4436,PE
Pfizer,R,5,4999,PE
Pfizer,R,6,5589,PE
Pfizer,R,7,4731,PE
Pfizer,R,8,377,PE
Pfizer,R,9,101,PE
Pfizer,R,10,33,PE
Pfizer,R,11,3,PE
AZ,D1,1,3,PI
AZ,D1,2,3,PI
AZ,D1,3,35,PI
AZ,D1,4,11877,PI
AZ,D1,5,19196,PI
AZ,D1,6,27652,PI
AZ,D1,7,18782,PI
AZ,D1,8,10591,PI
AZ,D1,9,1034,PI
AZ,D1,10,1900,PI
AZ,D1,11,131,PI
AZ,D2,1,0,PI
AZ,D2,2,2,PI
AZ,D2,3,57,PI
AZ,D2,4,60139,PI
AZ,D2,5,103580,PI
AZ,D2,6,192640,PI
AZ,D2,7,190739,PI
AZ,D2,8,131435,PI
AZ,D2,9,8035,PI
AZ,D2,10,11659,PI
AZ,D2,11,528,PI
AZ,R,1,0,PI
AZ,R,2,0,PI
AZ,R,3,4,PI
AZ,R,4,9026,PI
AZ,R,5,13134,PI
AZ,R,6,13556,PI
AZ,R,7,32478,PI
AZ,R,8,47465,PI
AZ,R,9,2797,PI
AZ,R,10,10644,PI
AZ,R,11,315,PI
Coronavac,D1,1,3,PI
Coronavac,D1,2,1,PI
Coronavac,D1,3,222,PI
Coronavac,D1,4,37645,PI
Coronavac,D1,5,16361,PI
Coronavac,D1,6,7157,PI
Coronavac,D1,7,2932,PI
Coronavac,D1,8,2518,PI
Coronavac,D1,9,4098,PI
Coronavac,D1,10,1655,PI
Coronavac,D1,11,711,PI
Coronavac,D2,1,0,PI
Coronavac,D2,2,2,PI
Coronavac,D2,3,439,PI
Coronavac,D2,4,151064,PI
Coronavac,D2,5,96119,PI
Coronavac,D2,6,41202,PI
Coronavac,D2,7,16149,PI
Coronavac,D2,8,24608,PI
Coronavac,D2,9,44896,PI
Coronavac,D2,10,13693,PI
Coronavac,D2,11,4627,PI
Coronavac,R,1,0,PI
Coronavac,R,2,0,PI
Coronavac,R,3,6,PI
Coronavac,R,4,9269,PI
Coronavac,R,5,15801,PI
Coronavac,R,6,11609,PI
Coronavac,R,7,7684,PI
Coronavac,R,8,30487,PI
Coronavac,R,9,82292,PI
Coronavac,R,10,23106,PI
Coronavac,R,11,7453,PI
Pfizer,D1,1,3,PI
Pfizer,D1,2,123,PI
Pfizer,D1,3,135441,PI
Pfizer,D1,4,82816,PI
Pfizer,D1,5,42279,PI
Pfizer,D1,6,15104,PI
Pfizer,D1,7,6364,PI
Pfizer,D1,8,846,PI
Pfizer,D1,9,286,PI
Pfizer,D1,10,87,PI
Pfizer,D1,11,17,PI
Pfizer,D2,1,4,PI
Pfizer,D2,2,45,PI
Pfizer,D2,3,114634,PI
Pfizer,D2,4,192215,PI
Pfizer,D2,5,172432,PI
Pfizer,D2,6,95058,PI
Pfizer,D2,7,57434,PI
Pfizer,D2,8,1661,PI
Pfizer,D2,9,375,PI
Pfizer,D2,10,84,PI
Pfizer,D2,11,17,PI
Pfizer,R,1,0,PI
Pfizer,R,2,2,PI
Pfizer,R,3,522,PI
Pfizer,R,4,2823,PI
Pfizer,R,5,4740,PI
Pfizer,R,6,5869,PI
Pfizer,R,7,4979,PI
Pfizer,R,8,66,PI
Pfizer,R,9,23,PI
Pfizer,R,10,7,PI
Pfizer,R,11,1,PI
AZ,D1,1,16,PR
AZ,D1,2,35,PR
AZ,D1,3,100,PR
AZ,D1,4,39760,PR
AZ,D1,5,60529,PR
AZ,D1,6,46188,PR
AZ,D1,7,45798,PR
AZ,D1,8,27968,PR
AZ,D1,9,2299,PR
AZ,D1,10,4751,PR
AZ,D1,11,350,PR
AZ,D2,1,11,PR
AZ,D2,2,17,PR
AZ,D2,3,184,PR
AZ,D2,4,232991,PR
AZ,D2,5,520843,PR
AZ,D2,6,566736,PR
AZ,D2,7,757512,PR
AZ,D2,8,428833,PR
AZ,D2,9,17353,PR
AZ,D2,10,34220,PR
AZ,D2,11,1169,PR
AZ,R,1,0,PR
AZ,R,2,2,PR
AZ,R,3,41,PR
AZ,R,4,35532,PR
AZ,R,5,52485,PR
AZ,R,6,78647,PR
AZ,R,7,190910,PR
AZ,R,8,262163,PR
AZ,R,9,7711,PR
AZ,R,10,48867,PR
AZ,R,11,1243,PR
Coronavac,D1,1,11,PR
Coronavac,D1,2,18,PR
Coronavac,D1,3,397,PR
Coronavac,D1,4,87553,PR
Coronavac,D1,5,36198,PR
Coronavac,D1,6,17068,PR
Coronavac,D1,7,7293,PR
Coronavac,D1,8,5450,PR
Coronavac,D1,9,7790,PR
Coronavac,D1,10,3057,PR
Coronavac,D1,11,1310,PR
Coronavac,D2,1,4,PR
Coronavac,D2,2,23,PR
Coronavac,D2,3,708,PR
Coronavac,D2,4,445163,PR
Coronavac,D2,5,253745,PR
Coronavac,D2,6,116737,PR
Coronavac,D2,7,46142,PR
Coronavac,D2,8,75275,PR
Coronavac,D2,9,109910,PR
Coronavac,D2,10,28767,PR
Coronavac,D2,11,9030,PR
Coronavac,R,1,2,PR
Coronavac,R,2,1,PR
Coronavac,R,3,65,PR
Coronavac,R,4,46994,PR
Coronavac,R,5,79446,PR
Coronavac,R,6,58464,PR
Coronavac,R,7,31818,PR
Coronavac,R,8,185147,PR
Coronavac,R,9,373863,PR
Coronavac,R,10,78559,PR
Coronavac,R,11,20805,PR
Pfizer,D1,1,38,PR
Pfizer,D1,2,260,PR
Pfizer,D1,3,421570,PR
Pfizer,D1,4,246185,PR
Pfizer,D1,5,87894,PR
Pfizer,D1,6,49651,PR
Pfizer,D1,7,21936,PR
Pfizer,D1,8,3419,PR
Pfizer,D1,9,925,PR
Pfizer,D1,10,316,PR
Pfizer,D1,11,61,PR
Pfizer,D2,1,22,PR
Pfizer,D2,2,119,PR
Pfizer,D2,3,355157,PR
Pfizer,D2,4,852831,PR
Pfizer,D2,5,502597,PR
Pfizer,D2,6,463693,PR
Pfizer,D2,7,239991,PR
Pfizer,D2,8,9886,PR
Pfizer,D2,9,2239,PR
Pfizer,D2,10,661,PR
Pfizer,D2,11,75,PR
Pfizer,R,1,0,PR
Pfizer,R,2,0,PR
Pfizer,R,3,1327,PR
Pfizer,R,4,12434,PR
Pfizer,R,5,20019,PR
Pfizer,R,6,26462,PR
Pfizer,R,7,44183,PR
Pfizer,R,8,468,PR
Pfizer,R,9,229,PR
Pfizer,R,10,110,PR
Pfizer,R,11,15,PR
AZ,D1,1,12,RJ
AZ,D1,2,34,RJ
AZ,D1,3,461,RJ
AZ,D1,4,133110,RJ
AZ,D1,5,157829,RJ
AZ,D1,6,155318,RJ
AZ,D1,7,129969,RJ
AZ,D1,8,55643,RJ
AZ,D1,9,10241,RJ
AZ,D1,10,10824,RJ
AZ,D1,11,2644,RJ
AZ,D2,1,1,RJ
AZ,D2,2,4,RJ
AZ,D2,3,447,RJ
AZ,D2,4,405898,RJ
AZ,D2,5,689008,RJ
AZ,D2,6,805642,RJ
AZ,D2,7,955424,RJ
AZ,D2,8,393436,RJ
AZ,D2,9,44238,RJ
AZ,D2,10,44902,RJ
AZ,D2,11,8988,RJ
AZ,R,1,0,RJ
AZ,R,2,1,RJ
AZ,R,3,46,RJ
AZ,R,4,55496,RJ
AZ,R,5,90078,RJ
AZ,R,6,125409,RJ
AZ,R,7,292945,RJ
AZ,R,8,395558,RJ
AZ,R,9,61755,RJ
AZ,R,10,68260,RJ
AZ,R,11,11911,RJ
Coronavac,D1,1,11,RJ
Coronavac,D1,2,21,RJ
Coronavac,D1,3,926,RJ
Coronavac,D1,4,156869,RJ
Coronavac,D1,5,78624,RJ
Coronavac,D1,6,40730,RJ
Coronavac,D1,7,19395,RJ
Coronavac,D1,8,34744,RJ
Coronavac,D1,9,27216,RJ
Coronavac,D1,10,12072,RJ
Coronavac,D1,11,3630,RJ
Coronavac,D2,1,3,RJ
Coronavac,D2,2,10,RJ
Coronavac,D2,3,870,RJ
Coronavac,D2,4,534776,RJ
Coronavac,D2,5,376480,RJ
Coronavac,D2,6,223194,RJ
Coronavac,D2,7,97201,RJ
Coronavac,D2,8,251732,RJ
Coronavac,D2,9,208214,RJ
Coronavac,D2,10,67379,RJ
Coronavac,D2,11,18933,RJ
Coronavac,R,1,1,RJ
Coronavac,R,2,2,RJ
Coronavac,R,3,34,RJ
Coronavac,R,4,55549,RJ
Coronavac,R,5,89201,RJ
Coronavac,R,6,81341,RJ
Coronavac,R,7,59944,RJ
Coronavac,R,8,416241,RJ
Coronavac,R,9,462413,RJ
Coronavac,R,10,129836,RJ
Coronavac,R,11,22130,RJ
Pfizer,D1,1,64,RJ
Pfizer,D1,2,735,RJ
Pfizer,D1,3,575612,RJ
Pfizer,D1,4,484385,RJ
Pfizer,D1,5,229656,RJ
Pfizer,D1,6,133927,RJ
Pfizer,D1,7,71491,RJ
Pfizer,D1,8,12730,RJ
Pfizer,D1,9,3567,RJ
Pfizer,D1,10,1205,RJ
Pfizer,D1,11,210,RJ
Pfizer,D2,1,17,RJ
Pfizer,D2,2,335,RJ
Pfizer,D2,3,522967,RJ
Pfizer,D2,4,897440,RJ
Pfizer,D2,5,568781,RJ
Pfizer,D2,6,471129,RJ
Pfizer,D2,7,280588,RJ
Pfizer,D2,8,22546,RJ
Pfizer,D2,9,5164,RJ
Pfizer,D2,10,1531,RJ
Pfizer,D2,11,320,RJ
Pfizer,R,1,0,RJ
Pfizer,R,2,6,RJ
Pfizer,R,3,3246,RJ
Pfizer,R,4,13837,RJ
Pfizer,R,5,20459,RJ
Pfizer,R,6,46180,RJ
Pfizer,R,7,51866,RJ
Pfizer,R,8,4261,RJ
Pfizer,R,9,684,RJ
Pfizer,R,10,181,RJ
Pfizer,R,11,34,RJ
AZ,D1,1,6,RN
AZ,D1,2,9,RN
AZ,D1,3,53,RN
AZ,D1,4,12039,RN
AZ,D1,5,18200,RN
AZ,D1,6,16148,RN
AZ,D1,7,13147,RN
AZ,D1,8,4847,RN
AZ,D1,9,779,RN
AZ,D1,10,1313,RN
AZ,D1,11,228,RN
AZ,D2,1,3,RN
AZ,D2,2,3,RN
AZ,D2,3,71,RN
AZ,D2,4,74485,RN
AZ,D2,5,161227,RN
AZ,D2,6,182383,RN
AZ,D2,7,203934,RN
AZ,D2,8,89609,RN
AZ,D2,9,6817,RN
AZ,D2,10,11184,RN
AZ,D2,11,1186,RN
AZ,R,1,0,RN
AZ,R,2,1,RN
AZ,R,3,6,RN
AZ,R,4,10242,RN
AZ,R,5,19437,RN
AZ,R,6,28070,RN
AZ,R,7,48603,RN
AZ,R,8,35110,RN
AZ,R,9,5077,RN
AZ,R,10,17366,RN
AZ,R,11,1244,RN
Coronavac,D1,1,3,RN
Coronavac,D1,2,4,RN
Coronavac,D1,3,217,RN
Coronavac,D1,4,37818,RN
Coronavac,D1,5,19296,RN
Coronavac,D1,6,9760,RN
Coronavac,D1,7,4560,RN
Coronavac,D1,8,2825,RN
Coronavac,D1,9,2091,RN
Coronavac,D1,10,831,RN
Coronavac,D1,11,399,RN
Coronavac,D2,1,1,RN
Coronavac,D2,2,7,RN
Coronavac,D2,3,253,RN
Coronavac,D2,4,121971,RN
Coronavac,D2,5,82094,RN
Coronavac,D2,6,43922,RN
Coronavac,D2,7,20163,RN
Coronavac,D2,8,31916,RN
Coronavac,D2,9,29990,RN
Coronavac,D2,10,8567,RN
Coronavac,D2,11,3312,RN
Coronavac,R,1,0,RN
Coronavac,R,2,0,RN
Coronavac,R,3,117,RN
Coronavac,R,4,17235,RN
Coronavac,R,5,24477,RN
Coronavac,R,6,18908,RN
Coronavac,R,7,11138,RN
Coronavac,R,8,73959,RN
Coronavac,R,9,98773,RN
Coronavac,R,10,22394,RN
Coronavac,R,11,8467,RN
Pfizer,D1,1,27,RN
Pfizer,D1,2,204,RN
Pfizer,D1,3,140302,RN
Pfizer,D1,4,73033,RN
Pfizer,D1,5,32512,RN
Pfizer,D1,6,15869,RN
Pfizer,D1,7,7592,RN
Pfizer,D1,8,1591,RN
Pfizer,D1,9,565,RN
Pfizer,D1,10,238,RN
Pfizer,D1,11,55,RN
Pfizer,D2,1,13,RN
Pfizer,D2,2,95,RN
Pfizer,D2,3,106481,RN
Pfizer,D2,4,235909,RN
Pfizer,D2,5,138541,RN
Pfizer,D2,6,94848,RN
Pfizer,D2,7,50386,RN
Pfizer,D2,8,3886,RN
Pfizer,D2,9,777,RN
Pfizer,D2,10,269,RN
Pfizer,D2,11,45,RN
Pfizer,R,1,0,RN
Pfizer,R,2,0,RN
Pfizer,R,3,234,RN
Pfizer,R,4,3174,RN
Pfizer,R,5,5414,RN
Pfizer,R,6,8148,RN
Pfizer,R,7,5883,RN
Pfizer,R,8,261,RN
Pfizer,R,9,28,RN
Pfizer,R,10,11,RN
Pfizer,R,11,1,RN
AZ,D1,1,3,RO
AZ,D1,2,3,RO
AZ,D1,3,71,RO
AZ,D1,4,14071,RO
AZ,D1,5,15843,RO
AZ,D1,6,11836,RO
AZ,D1,7,9243,RO
AZ,D1,8,4135,RO
AZ,D1,9,634,RO
AZ,D1,10,612,RO
AZ,D1,11,150,RO
AZ,D2,1,0,RO
AZ,D2,2,5,RO
AZ,D2,3,131,RO
AZ,D2,4,52948,RO
AZ,D2,5,80927,RO
AZ,D2,6,72757,RO
AZ,D2,7,82925,RO
AZ,D2,8,31854,RO
AZ,D2,9,3197,RO
AZ,D2,10,2547,RO
AZ,D2,11,558,RO
AZ,R,1,0,RO
AZ,R,2,1,RO
AZ,R,3,4,RO
AZ,R,4,4106,RO
AZ,R,5,7563,RO
AZ,R,6,10070,RO
AZ,R,7,17166,RO
AZ,R,8,17761,RO
AZ,R,9,1572,RO
AZ,R,10,2932,RO
AZ,R,11,437,RO
Coronavac,D1,1,1,RO
Coronavac,D1,2,3,RO
Coronavac,D1,3,99,RO
Coronavac,D1,4,10740,RO
Coronavac,D1,5,6680,RO
Coronavac,D1,6,4004,RO
Coronavac,D1,7,2155,RO
Coronavac,D1,8,2337,RO
Coronavac,D1,9,1726,RO
Coronavac,D1,10,587,RO
Coronavac,D1,11,124,RO
Coronavac,D2,1,0,RO
Coronavac,D2,2,2,RO
Coronavac,D2,3,124,RO
Coronavac,D2,4,36533,RO
Coronavac,D2,5,30610,RO
Coronavac,D2,6,19264,RO
Coronavac,D2,7,10200,RO
Coronavac,D2,8,20888,RO
Coronavac,D2,9,14904,RO
Coronavac,D2,10,4707,RO
Coronavac,D2,11,824,RO
Coronavac,R,1,0,RO
Coronavac,R,2,0,RO
Coronavac,R,3,12,RO
Coronavac,R,4,6998,RO
Coronavac,R,5,10105,RO
Coronavac,R,6,8854,RO
Coronavac,R,7,5770,RO
Coronavac,R,8,27287,RO
Coronavac,R,9,25928,RO
Coronavac,R,10,6195,RO
Coronavac,R,11,646,RO
Pfizer,D1,1,3,RO
Pfizer,D1,2,134,RO
Pfizer,D1,3,50923,RO
Pfizer,D1,4,54404,RO
Pfizer,D1,5,25462,RO
Pfizer,D1,6,16365,RO
Pfizer,D1,7,7754,RO
Pfizer,D1,8,1489,RO
Pfizer,D1,9,429,RO
Pfizer,D1,10,146,RO
Pfizer,D1,11,25,RO
Pfizer,D2,1,2,RO
Pfizer,D2,2,106,RO
Pfizer,D2,3,80523,RO
Pfizer,D2,4,101615,RO
Pfizer,D2,5,54712,RO
Pfizer,D2,6,52889,RO
Pfizer,D2,7,26519,RO
Pfizer,D2,8,2485,RO
Pfizer,D2,9,652,RO
Pfizer,D2,10,177,RO
Pfizer,D2,11,14,RO
Pfizer,R,1,0,RO
Pfizer,R,2,0,RO
Pfizer,R,3,212,RO
Pfizer,R,4,1236,RO
Pfizer,R,5,1384,RO
Pfizer,R,6,3444,RO
Pfizer,R,7,3078,RO
Pfizer,R,8,117,RO
Pfizer,R,9,26,RO
Pfizer,R,10,6,RO
Pfizer,R,11,0,RO
AZ,D1,1,0,RR
AZ,D1,2,2,RR
AZ,D1,3,33,RR
AZ,D1,4,14500,RR
AZ,D1,5,8883,RR
AZ,D1,6,6047,RR
AZ,D1,7,3627,RR
AZ,D1,8,881,RR
AZ,D1,9,313,RR
AZ,D1,10,63,RR
AZ,D1,11,9,RR
AZ,D2,1,0,RR
AZ,D2,2,0,RR
AZ,D2,3,33,RR
AZ,D2,4,26797,RR
AZ,D2,5,20837,RR
AZ,D2,6,21575,RR
AZ,D2,7,19983,RR
AZ,D2,8,2965,RR
AZ,D2,9,1988,RR
AZ,D2,10,176,RR
AZ,D2,11,20,RR
AZ,R,1,0,RR
AZ,R,2,0,RR
AZ,R,3,0,RR
AZ,R,4,257,RR
AZ,R,5,371,RR
AZ,R,6,520,RR
AZ,R,7,891,RR
AZ,R,8,198,RR
AZ,R,9,864,RR
AZ,R,10,48,RR
AZ,R,11,4,RR
Coronavac,D1,1,0,RR
Coronavac,D1,2,4,RR
Coronavac,D1,3,91,RR
Coronavac,D1,4,6809,RR
Coronavac,D1,5,3434,RR
Coronavac,D1,6,2063,RR
Coronavac,D1,7,1221,RR
Coronavac,D1,8,1038,RR
Coronavac,D1,9,457,RR
Coronavac,D1,10,205,RR
Coronavac,D1,11,54,RR
Coronavac,D2,1,0,RR
Coronavac,D2,2,0,RR
Coronavac,D2,3,44,RR
Coronavac,D2,4,14303,RR
Coronavac,D2,5,8068,RR
Coronavac,D2,6,5658,RR
Coronavac,D2,7,3237,RR
Coronavac,D2,8,11265,RR
Coronavac,D2,9,3667,RR
Coronavac,D2,10,1654,RR
Coronavac,D2,11,365,RR
Coronavac,R,1,0,RR
Coronavac,R,2,0,RR
Coronavac,R,3,1,RR
Coronavac,R,4,1218,RR
Coronavac,R,5,2327,RR
Coronavac,R,6,2176,RR
Coronavac,R,7,1094,RR
Coronavac,R,8,9144,RR
Coronavac,R,9,3770,RR
Coronavac,R,10,1484,RR
Coronavac,R,11,223,RR
Pfizer,D1,1,5,RR
Pfizer,D1,2,35,RR
Pfizer,D1,3,20677,RR
Pfizer,D1,4,21064,RR
Pfizer,D1,5,13165,RR
Pfizer,D1,6,7936,RR
Pfizer,D1,7,3877,RR
Pfizer,D1,8,841,RR
Pfizer,D1,9,219,RR
Pfizer,D1,10,36,RR
Pfizer,D1,11,7,RR
Pfizer,D2,1,0,RR
Pfizer,D2,2,35,RR
Pfizer,D2,3,24972,RR
Pfizer,D2,4,20667,RR
Pfizer,D2,5,16997,RR
Pfizer,D2,6,14136,RR
Pfizer,D2,7,8731,RR
Pfizer,D2,8,1100,RR
Pfizer,D2,9,296,RR
Pfizer,D2,10,63,RR
Pfizer,D2,11,7,RR
Pfizer,R,1,0,RR
Pfizer,R,2,0,RR
Pfizer,R,3,43,RR
Pfizer,R,4,101,RR
Pfizer,R,5,133,RR
Pfizer,R,6,176,RR
Pfizer,R,7,143,RR
Pfizer,R,8,11,RR
Pfizer,R,9,6,RR
Pfizer,R,10,2,RR
Pfizer,R,11,0,RR
AZ,D1,1,12,RS
AZ,D1,2,31,RS
AZ,D1,3,260,RS
AZ,D1,4,62032,RS
AZ,D1,5,63766,RS
AZ,D1,6,40442,RS
AZ,D1,7,35463,RS
AZ,D1,8,17260,RS
AZ,D1,9,3061,RS
AZ,D1,10,4778,RS
AZ,D1,11,628,RS
AZ,D2,1,8,RS
AZ,D2,2,17,RS
AZ,D2,3,452,RS
AZ,D2,4,367234,RS
AZ,D2,5,578048,RS
AZ,D2,6,559816,RS
AZ,D2,7,729308,RS
AZ,D2,8,342744,RS
AZ,D2,9,27674,RS
AZ,D2,10,38556,RS
AZ,D2,11,2346,RS
AZ,R,1,0,RS
AZ,R,2,1,RS
AZ,R,3,80,RS
AZ,R,4,55841,RS
AZ,R,5,89247,RS
AZ,R,6,129420,RS
AZ,R,7,269332,RS
AZ,R,8,228101,RS
AZ,R,9,30092,RS
AZ,R,10,57748,RS
AZ,R,11,1630,RS
Coronavac,D1,1,11,RS
Coronavac,D1,2,23,RS
Coronavac,D1,3,324,RS
Coronavac,D1,4,69432,RS
Coronavac,D1,5,31225,RS
Coronavac,D1,6,15041,RS
Coronavac,D1,7,7229,RS
Coronavac,D1,8,10682,RS
Coronavac,D1,9,8603,RS
Coronavac,D1,10,4022,RS
Coronavac,D1,11,1609,RS
Coronavac,D2,1,4,RS
Coronavac,D2,2,12,RS
Coronavac,D2,3,542,RS
Coronavac,D2,4,297091,RS
Coronavac,D2,5,170154,RS
Coronavac,D2,6,100762,RS
Coronavac,D2,7,46567,RS
Coronavac,D2,8,161947,RS
Coronavac,D2,9,111905,RS
Coronavac,D2,10,35795,RS
Coronavac,D2,11,12037,RS
Coronavac,R,1,1,RS
Coronavac,R,2,1,RS
Coronavac,R,3,105,RS
Coronavac,R,4,58895,RS
Coronavac,R,5,82344,RS
Coronavac,R,6,69430,RS
Coronavac,R,7,42556,RS
Coronavac,R,8,371675,RS
Coronavac,R,9,442213,RS
Coronavac,R,10,104362,RS
Coronavac,R,11,26297,RS
Pfizer,D1,1,35,RS
Pfizer,D1,2,337,RS
Pfizer,D1,3,333973,RS
Pfizer,D1,4,206659,RS
Pfizer,D1,5,87684,RS
Pfizer,D1,6,46096,RS
Pfizer,D1,7,23570,RS
Pfizer,D1,8,5574,RS
Pfizer,D1,9,1629,RS
Pfizer,D1,10,545,RS
Pfizer,D1,11,91,RS
Pfizer,D2,1,11,RS
Pfizer,D2,2,138,RS
Pfizer,D2,3,385148,RS
Pfizer,D2,4,695632,RS
Pfizer,D2,5,405973,RS
Pfizer,D2,6,348088,RS
Pfizer,D2,7,188734,RS
Pfizer,D2,8,13821,RS
Pfizer,D2,9,3475,RS
Pfizer,D2,10,1032,RS
Pfizer,D2,11,134,RS
Pfizer,R,1,0,RS
Pfizer,R,2,1,RS
Pfizer,R,3,2686,RS
Pfizer,R,4,13139,RS
Pfizer,R,5,17548,RS
Pfizer,R,6,29271,RS
Pfizer,R,7,35034,RS
Pfizer,R,8,1408,RS
Pfizer,R,9,275,RS
Pfizer,R,10,67,RS
Pfizer,R,11,16,RS
AZ,D1,1,13,SC
AZ,D1,2,25,SC
AZ,D1,3,84,SC
AZ,D1,4,33694,SC
AZ,D1,5,43362,SC
AZ,D1,6,33905,SC
AZ,D1,7,25754,SC
AZ,D1,8,15432,SC
AZ,D1,9,1550,SC
AZ,D1,10,2308,SC
AZ,D1,11,165,SC
AZ,D2,1,12,SC
AZ,D2,2,23,SC
AZ,D2,3,188,SC
AZ,D2,4,191125,SC
AZ,D2,5,346117,SC
AZ,D2,6,371917,SC
AZ,D2,7,446550,SC
AZ,D2,8,296145,SC
AZ,D2,9,13977,SC
AZ,D2,10,16030,SC
AZ,D2,11,645,SC
AZ,R,1,0,SC
AZ,R,2,1,SC
AZ,R,3,31,SC
AZ,R,4,19129,SC
AZ,R,5,30179,SC
AZ,R,6,40466,SC
AZ,R,7,83316,SC
AZ,R,8,122098,SC
AZ,R,9,6990,SC
AZ,R,10,27262,SC
AZ,R,11,501,SC
Coronavac,D1,1,18,SC
Coronavac,D1,2,33,SC
Coronavac,D1,3,320,SC
Coronavac,D1,4,92270,SC
Coronavac,D1,5,42199,SC
Coronavac,D1,6,18672,SC
Coronavac,D1,7,8440,SC
Coronavac,D1,8,4432,SC
Coronavac,D1,9,5130,SC
Coronavac,D1,10,1977,SC
Coronavac,D1,11,655,SC
Coronavac,D2,1,6,SC
Coronavac,D2,2,10,SC
Coronavac,D2,3,388,SC
Coronavac,D2,4,282305,SC
Coronavac,D2,5,172583,SC
Coronavac,D2,6,98469,SC
Coronavac,D2,7,57878,SC
Coronavac,D2,8,52805,SC
Coronavac,D2,9,69343,SC
Coronavac,D2,10,17193,SC
Coronavac,D2,11,5268,SC
Coronavac,R,1,1,SC
Coronavac,R,2,0,SC
Coronavac,R,3,41,SC
Coronavac,R,4,25595,SC
Coronavac,R,5,36676,SC
Coronavac,R,6,30423,SC
Coronavac,R,7,21178,SC
Coronavac,R,8,113050,SC
Coronavac,R,9,208312,SC
Coronavac,R,10,44014,SC
Coronavac,R,11,10700,SC
Pfizer,D1,1,42,SC
Pfizer,D1,2,207,SC
Pfizer,D1,3,233761,SC
Pfizer,D1,4,150410,SC
Pfizer,D1,5,81557,SC
Pfizer,D1,6,35152,SC
Pfizer,D1,7,17768,SC
Pfizer,D1,8,3648,SC
Pfizer,D1,9,698,SC
Pfizer,D1,10,177,SC
Pfizer,D1,11,36,SC
Pfizer,D2,1,19,SC
Pfizer,D2,2,66,SC
Pfizer,D2,3,218872,SC
Pfizer,D2,4,495610,SC
Pfizer,D2,5,372455,SC
Pfizer,D2,6,241682,SC
Pfizer,D2,7,176739,SC
Pfizer,D2,8,18312,SC
Pfizer,D2,9,2033,SC
Pfizer,D2,10,521,SC
Pfizer,D2,11,79,SC
Pfizer,R,1,0,SC
Pfizer,R,2,0,SC
Pfizer,R,3,635,SC
Pfizer,R,4,2385,SC
Pfizer,R,5,3661,SC
Pfizer,R,6,5215,SC
Pfizer,R,7,12278,SC
Pfizer,R,8,1257,SC
Pfizer,R,9,68,SC
Pfizer,R,10,22,SC
Pfizer,R,11,1,SC
AZ,D1,1,2,SE
AZ,D1,2,6,SE
AZ,D1,3,36,SE
AZ,D1,4,14023,SE
AZ,D1,5,26396,SE
AZ,D1,6,20458,SE
AZ,D1,7,19101,SE
AZ,D1,8,6725,SE
AZ,D1,9,949,SE
AZ,D1,10,1669,SE
AZ,D1,11,221,SE
AZ,D2,1,1,SE
AZ,D2,2,1,SE
AZ,D2,3,45,SE
AZ,D2,4,36650,SE
AZ,D2,5,97569,SE
AZ,D2,6,98784,SE
AZ,D2,7,117469,SE
AZ,D2,8,48136,SE
AZ,D2,9,5126,SE
AZ,D2,10,6924,SE
AZ,D2,11,812,SE
AZ,R,1,0,SE
AZ,R,2,0,SE
AZ,R,3,6,SE
AZ,R,4,5112,SE
AZ,R,5,8783,SE
AZ,R,6,13326,SE
AZ,R,7,25015,SE
AZ,R,8,28825,SE
AZ,R,9,7397,SE
AZ,R,10,8559,SE
AZ,R,11,1413,SE
Coronavac,D1,1,4,SE
Coronavac,D1,2,3,SE
Coronavac,D1,3,130,SE
Coronavac,D1,4,21099,SE
Coronavac,D1,5,12466,SE
Coronavac,D1,6,8295,SE
Coronavac,D1,7,3440,SE
Coronavac,D1,8,3254,SE
Coronavac,D1,9,3199,SE
Coronavac,D1,10,741,SE
Coronavac,D1,11,268,SE
Coronavac,D2,1,1,SE
Coronavac,D2,2,3,SE
Coronavac,D2,3,97,SE
Coronavac,D2,4,53335,SE
Coronavac,D2,5,43960,SE
Coronavac,D2,6,30842,SE
Coronavac,D2,7,12621,SE
Coronavac,D2,8,25848,SE
Coronavac,D2,9,23918,SE
Coronavac,D2,10,4889,SE
Coronavac,D2,11,1957,SE
Coronavac,R,1,0,SE
Coronavac,R,2,0,SE
Coronavac,R,3,7,SE
Coronavac,R,4,8520,SE
Coronavac,R,5,12859,SE
Coronavac,R,6,10941,SE
Coronavac,R,7,5078,SE
Coronavac,R,8,30138,SE
Coronavac,R,9,38663,SE
Coronavac,R,10,8226,SE
Coronavac,R,11,2443,SE
Pfizer,D1,1,3,SE
Pfizer,D1,2,92,SE
Pfizer,D1,3,81185,SE
Pfizer,D1,4,85191,SE
Pfizer,D1,5,34161,SE
Pfizer,D1,6,19055,SE
Pfizer,D1,7,8069,SE
Pfizer,D1,8,1328,SE
Pfizer,D1,9,447,SE
Pfizer,D1,10,122,SE
Pfizer,D1,11,78,SE
Pfizer,D2,1,2,SE
Pfizer,D2,2,33,SE
Pfizer,D2,3,84863,SE
Pfizer,D2,4,159909,SE
Pfizer,D2,5,70254,SE
Pfizer,D2,6,63262,SE
Pfizer,D2,7,26404,SE
Pfizer,D2,8,1797,SE
Pfizer,D2,9,500,SE
Pfizer,D2,10,137,SE
Pfizer,D2,11,31,SE
Pfizer,R,1,0,SE
Pfizer,R,2,0,SE
Pfizer,R,3,153,SE
Pfizer,R,4,2238,SE
Pfizer,R,5,2667,SE
Pfizer,R,6,4238,SE
Pfizer,R,7,3771,SE
Pfizer,R,8,79,SE
Pfizer,R,9,19,SE
Pfizer,R,10,13,SE
Pfizer,R,11,0,SE
AZ,D1,1,99,SP
AZ,D1,2,235,SP
AZ,D1,3,862,SP
AZ,D1,4,356941,SP
AZ,D1,5,253183,SP
AZ,D1,6,238864,SP
AZ,D1,7,189286,SP
AZ,D1,8,124684,SP
AZ,D1,9,14433,SP
AZ,D1,10,24809,SP
AZ,D1,11,3173,SP
AZ,D2,1,23,SP
AZ,D2,2,90,SP
AZ,D2,3,1195,SP
AZ,D2,4,1020927,SP
AZ,D2,5,1766406,SP
AZ,D2,6,2909680,SP
AZ,D2,7,3117086,SP
AZ,D2,8,2049623,SP
AZ,D2,9,132241,SP
AZ,D2,10,304503,SP
AZ,D2,11,11551,SP
AZ,R,1,4,SP
AZ,R,2,2,SP
AZ,R,3,115,SP
AZ,R,4,119154,SP
AZ,R,5,202961,SP
AZ,R,6,317772,SP
AZ,R,7,586090,SP
AZ,R,8,534905,SP
AZ,R,9,33984,SP
AZ,R,10,81945,SP
AZ,R,11,9322,SP
Coronavac,D1,1,102,SP
Coronavac,D1,2,227,SP
Coronavac,D1,3,1576,SP
Coronavac,D1,4,479039,SP
Coronavac,D1,5,234901,SP
Coronavac,D1,6,95971,SP
Coronavac,D1,7,46946,SP
Coronavac,D1,8,41615,SP
Coronavac,D1,9,56467,SP
Coronavac,D1,10,20675,SP
Coronavac,D1,11,8276,SP
Coronavac,D2,1,56,SP
Coronavac,D2,2,155,SP
Coronavac,D2,3,2816,SP
Coronavac,D2,4,3004800,SP
Coronavac,D2,5,2250701,SP
Coronavac,D2,6,922305,SP
Coronavac,D2,7,540819,SP
Coronavac,D2,8,499088,SP
Coronavac,D2,9,464120,SP
Coronavac,D2,10,113811,SP
Coronavac,D2,11,38419,SP
Coronavac,R,1,6,SP
Coronavac,R,2,11,SP
Coronavac,R,3,267,SP
Coronavac,R,4,376255,SP
Coronavac,R,5,469577,SP
Coronavac,R,6,322169,SP
Coronavac,R,7,244278,SP
Coronavac,R,8,671679,SP
Coronavac,R,9,1450775,SP
Coronavac,R,10,317389,SP
Coronavac,R,11,95307,SP
Pfizer,D1,1,322,SP
Pfizer,D1,2,1683,SP
Pfizer,D1,3,1791252,SP
Pfizer,D1,4,713716,SP
Pfizer,D1,5,255308,SP
Pfizer,D1,6,147531,SP
Pfizer,D1,7,69115,SP
Pfizer,D1,8,19522,SP
Pfizer,D1,9,3841,SP
Pfizer,D1,10,1262,SP
Pfizer,D1,11,263,SP
Pfizer,D2,1,168,SP
Pfizer,D2,2,749,SP
Pfizer,D2,3,1512621,SP
Pfizer,D2,4,2000448,SP
Pfizer,D2,5,1441977,SP
Pfizer,D2,6,1263623,SP
Pfizer,D2,7,593224,SP
Pfizer,D2,8,135618,SP
Pfizer,D2,9,6600,SP
Pfizer,D2,10,1688,SP
Pfizer,D2,11,267,SP
Pfizer,R,1,1,SP
Pfizer,R,2,2,SP
Pfizer,R,3,484,SP
Pfizer,R,4,25740,SP
Pfizer,R,5,54911,SP
Pfizer,R,6,56758,SP
Pfizer,R,7,78560,SP
Pfizer,R,8,32320,SP
Pfizer,R,9,279,SP
Pfizer,R,10,60,SP
Pfizer,R,11,7,SP
AZ,D1,1,0,TO
AZ,D1,2,1,TO
AZ,D1,3,29,TO
AZ,D1,4,14029,TO
AZ,D1,5,14500,TO
AZ,D1,6,12411,TO
AZ,D1,7,8309,TO
AZ,D1,8,3636,TO
AZ,D1,9,448,TO
AZ,D1,10,149,TO
AZ,D1,11,22,TO
AZ,D2,1,0,TO
AZ,D2,2,0,TO
AZ,D2,3,33,TO
AZ,D2,4,49099,TO
AZ,D2,5,67270,TO
AZ,D2,6,78486,TO
AZ,D2,7,73006,TO
AZ,D2,8,40302,TO
AZ,D2,9,2266,TO
AZ,D2,10,492,TO
AZ,D2,11,87,TO
AZ,R,1,0,TO
AZ,R,2,0,TO
AZ,R,3,2,TO
AZ,R,4,3527,TO
AZ,R,5,5699,TO
AZ,R,6,7845,TO
AZ,R,7,9888,TO
AZ,R,8,12645,TO
AZ,R,9,434,TO
AZ,R,10,116,TO
AZ,R,11,11,TO
Coronavac,D1,1,2,TO
Coronavac,D1,2,4,TO
Coronavac,D1,3,63,TO
Coronavac,D1,4,10400,TO
Coronavac,D1,5,5422,TO
Coronavac,D1,6,3140,TO
Coronavac,D1,7,1454,TO
Coronavac,D1,8,1110,TO
Coronavac,D1,9,1280,TO
Coronavac,D1,10,799,TO
Coronavac,D1,11,233,TO
Coronavac,D2,1,0,TO
Coronavac,D2,2,0,TO
Coronavac,D2,3,58,TO
Coronavac,D2,4,32298,TO
Coronavac,D2,5,26450,TO
Coronavac,D2,6,16667,TO
Coronavac,D2,7,9518,TO
Coronavac,D2,8,14484,TO
Coronavac,D2,9,16885,TO
Coronavac,D2,10,7779,TO
Coronavac,D2,11,1819,TO
Coronavac,R,1,0,TO
Coronavac,R,2,0,TO
Coronavac,R,3,3,TO
Coronavac,R,4,4182,TO
Coronavac,R,5,6919,TO
Coronavac,R,6,6258,TO
Coronavac,R,7,4057,TO
Coronavac,R,8,18492,TO
Coronavac,R,9,28175,TO
Coronavac,R,10,11399,TO
Coronavac,R,11,1976,TO
Pfizer,D1,1,3,TO
Pfizer,D1,2,39,TO
Pfizer,D1,3,59180,TO
Pfizer,D1,4,58109,TO
Pfizer,D1,5,26875,TO
Pfizer,D1,6,14136,TO
Pfizer,D1,7,6241,TO
Pfizer,D1,8,1480,TO
Pfizer,D1,9,425,TO
Pfizer,D1,10,148,TO
Pfizer,D1,11,24,TO
Pfizer,D2,1,0,TO
Pfizer,D2,2,18,TO
Pfizer,D2,3,58716,TO
Pfizer,D2,4,81093,TO
Pfizer,D2,5,49482,TO
Pfizer,D2,6,36622,TO
Pfizer,D2,7,19774,TO
Pfizer,D2,8,2372,TO
Pfizer,D2,9,464,TO
Pfizer,D2,10,143,TO
Pfizer,D2,11,22,TO
Pfizer,R,1,0,TO
Pfizer,R,2,0,TO
Pfizer,R,3,141,TO
Pfizer,R,4,1075,TO
Pfizer,R,5,1276,TO
Pfizer,R,6,1872,TO
Pfizer,R,7,2312,TO
Pfizer,R,8,210,TO
Pfizer,R,9,31,TO
Pfizer,R,10,3,TO
Pfizer,R,11,0,TO
